{"cameraMode":{"drawMode":0,"name":"Shaded","section":"Shading Mode"},"sceneLighting":false,"audioPlay":false,"sceneViewState":{"showFog":false,"showMaterialUpdate":false,"showSkybox":false,"showFlares":false,"showImageEffects":false,"showParticleSystems":false},"in2DMode":false,"pivot":{"x":-17.05227279663086,"y":4.914864540100098,"z":-0.5872726440429688},"rotation":{"x":0.12743280827999116,"y":-0.021419283002614976,"z":0.00275274901650846,"w":0.9916121363639832},"size":5.325061321258545,"orthographic":false}