{"cameraMode":{"drawMode":0,"name":"Shaded","section":"Shading Mode"},"sceneLighting":true,"audioPlay":false,"sceneViewState":{"showFog":false,"showMaterialUpdate":false,"showSkybox":false,"showFlares":false,"showImageEffects":false,"showParticleSystems":false},"in2DMode":false,"pivot":{"x":-14.621415138244629,"y":7.312282085418701,"z":-3.9386777877807619},"rotation":{"x":0.11555134505033493,"y":-0.0005931053310632706,"z":0.00006910917727509513,"w":0.9933013916015625},"size":7.435501575469971,"orthographic":false}