{"cameraMode":{"drawMode":0,"name":"Shaded","section":"Shading Mode"},"sceneLighting":false,"audioPlay":false,"sceneViewState":{"showFog":false,"showMaterialUpdate":false,"showSkybox":false,"showFlares":false,"showImageEffects":false,"showParticleSystems":false},"in2DMode":false,"pivot":{"x":-17.75082778930664,"y":8.217093467712403,"z":-11.041977882385254},"rotation":{"x":0.08570367842912674,"y":-0.005078371614217758,"z":0.0004369799862615764,"w":0.9963076114654541},"size":12.079995155334473,"orthographic":true}