{"cameraMode":{"drawMode":0,"name":"Shaded","section":"Shading Mode"},"sceneLighting":false,"audioPlay":false,"sceneViewState":{"showFog":false,"showMaterialUpdate":false,"showSkybox":false,"showFlares":false,"showImageEffects":false,"showParticleSystems":false},"in2DMode":false,"pivot":{"x":-17.586700439453126,"y":2.610635280609131,"z":-1.175316333770752},"rotation":{"x":0.2350781112909317,"y":-0.009328017011284829,"z":0.002256280044093728,"w":0.971929132938385},"size":5.739388942718506,"orthographic":false}