{"cameraMode":{"drawMode":0,"name":"Shaded","section":"Shading Mode"},"sceneLighting":false,"audioPlay":false,"sceneViewState":{"showFog":true,"showMaterialUpdate":false,"showSkybox":true,"showFlares":true,"showImageEffects":true,"showParticleSystems":true},"in2DMode":false,"pivot":{"x":-20.15999984741211,"y":1.399999976158142,"z":2.13295316696167},"rotation":{"x":0.026807354763150216,"y":0.11817989498376847,"z":-0.003191636875271797,"w":0.9926251769065857},"size":2.412132978439331,"orthographic":true}