{"cameraMode":{"drawMode":0,"name":"Shaded","section":"Shading Mode"},"sceneLighting":false,"audioPlay":false,"sceneViewState":{"showFog":true,"showMaterialUpdate":false,"showSkybox":true,"showFlares":true,"showImageEffects":true,"showParticleSystems":true},"in2DMode":false,"pivot":{"x":-8.270000457763672,"y":-3.3168554306030275,"z":0.0},"rotation":{"x":0.026807354763150216,"y":0.11817989498376847,"z":-0.003191636875271797,"w":0.9926251769065857},"size":9.098407745361329,"orthographic":true}